Old Column,Old Table,New Column,Action,Type Override
agt_assistant_phone,asa$agent,assistant_phone,Rename,
cplyr_alignment,asa$col_player,,"Clean,Delete",
cplyr_2nd_look,asa$col_player,second_look,Rename,
cplyr_2nd_look_last_update,second_look_last_update,Rename,
cplyr_awards_honors,asa$col_player,all_star_game_2,Rename,
cplyr_beeper,asa$col_player,,Delete,
cplyr_birth_dt,asa$col_player,,Retype,Date
cplyr_board_alert,asa$col_player,wingspan,Rename,
cplyr_board_grade,asa$col_player,,Retype,
cplyr_board_number,asa$col_player,,Delete,
cplyr_board_position,asa$col_player,,Delete,
cplyr_board_round,asa$col_player,,Delete,
cplyr_board_row,asa$col_player,,Delete,
cplyr_board_slot,asa$col_player,admin_slot,Rename,
cplyr_board_type,asa$col_player,,Delete,
cplyr_bods_fat_free_mass,asa$col_player,,Delete,
cplyr_bods_fat_mass,asa$col_player,,Delete,
cplyr_bods_pct_fat,asa$col_player,,Delete,
cplyr_body_type,asa$col_player,,Delete,
cplyr_camp,asa$col_player,indy_attend,Rename,
cplyr_camp_jersey,asa$col_player,,Delete,
cplyr_camp_scout,asa$col_player,tag_code,rename,
cplyr_cid,asa$col_player,ghost,Rename,
cplyr_cid_cd,asa$col_player,,Delete,
cplyr_club,asa$col_player,,Delete,
cplyr_combine_interview,asa$col_player,interview_topics,Rename,
cplyr_combine_tst,asa$col_player,test_2,Rename,
cplyr_combine_tst_attempted,asa$col_player,test_2_attempted,Rename,
cplyr_combine_tst_times_taken,asa$col_player,test_2_times_taken,Rename,
cplyr_combine_tst_vrfy,asa$col_player,,Delete,
cplyr_comments,asa$col_player,player_notes,Rename,
cplyr_crtd_db_id,asa$col_player,,Delete,
cplyr_cti_grade,asa$col_player,primary_alert,Rename,
cplyr_dl_state,asa$col_player,,Delete,
cplyr_durability,asa$col_player,,Delete,
cplyr_final_grade_descr,asa$col_player,,Delete,
cplyr_ghst_last_update,asa$col_player,,Retype,Date
cplyr_grade_a,asa$col_player,,Delete,
cplyr_grade_b,asa$col_player,,Delete,
cplyr_grade_c,asa$col_player,,Delete,
cplyr_group_number,asa$col_player,indy_group,Rename,
cplyr_injury_dt,asa$col_player,,Delete,
cplyr_injury_ind,asa$col_player,tag_alert_c,Rename,
cplyr_injury_prone,asa$col_player,tag_alert_d,Rename,
cplyr_injury_risk_grade,asa$col_player,,Delete,
cplyr_injury_srch_dt,asa$col_player,,Delete,
cplyr_interview,asa$col_player,,Delete,
cplyr_latest_cti_grade,asa$col_player,,Delete,
cplyr_latest_letter_grade,asa$col_player,,Delete,
cplyr_latest_number_grade,asa$col_player,,Delete,
cplyr_letter_grade,asa$col_player,primary_type,Rename,
cplyr_limiting_phys_factor,asa$col_player,tag_alert_m,Rename,
cplyr_load_dt,asa$col_player,,Delete,
cplyr_marked,asa$col_player,all_star_game_1,Rename,
cplyr_misc_1,asa$col_player,all_star_squad_1,Rename,
cplyr_nep_cti_grade,asa$col_player,,Delete,
cplyr_nep_letter_grade,asa$col_player,,Delete,
cplyr_nep_number_grade,asa$col_player,,Delete,
cplyr_nep_scout_cd,asa$col_player,,Delete,
cplyr_nfl_slot,asa$col_player,,Delete,
cplyr_number_grade,asa$col_player,primary_grade,Rename,
cplyr_oth_addr1,asa$col_player,,Delete,
cplyr_oth_addr2,asa$col_player,,Delete,
cplyr_oth_city,asa$col_player,,Delete,
cplyr_oth_name,asa$col_player,legal_name,Rename,
cplyr_oth_phone,asa$col_player,,Delete,
cplyr_oth_state,asa$col_player,,Delete,
cplyr_oth_zip,asa$col_player,,Delete,
cplyr_pick,asa$col_player,,Delete,
cplyr_production,asa$col_player,character_profile,Rename,
cplyr_recovers_quickly,asa$col_player,tag_alert_h,Rename,
cplyr_reject_cd,asa$col_player,roster_status,Rename,
cplyr_round,asa$col_player,,Delete,
cplyr_spd_dt,asa$col_player,spd2_dt,Rename,Date
cplyr_ssn,asa$col_player,,Delete,
cplyr_tap,asa$col_player,tap_traffic_light,Rename,
cplyr_transmit_ind,asa$col_player,,Delete,
cplyr_tst,asa$col_player,test_1,Rename,
cplyr_tst_attempted,asa$col_player,test_1_attempted,Rename,
cplyr_tst_times_taken,asa$col_player,test_1_times_taken,Rename,
cplyr_tst_vrfy,asa$col_player,,Delete,
eval_type,asa$evaluation,typ,Rename,
eval_action,asa$evaluation,intvw_action,"Map,asa$interview",
eval_agent,asa$evaluation,intvw_agent,"Map,asa$interview",
eval_alt_draft_day_number,asa$evaluation,intvw_alt_draft_day_number,"Map,asa$interview",
eval_best_faced,asa$evaluation,intvw_best_faced,"Map,asa$interview",
eval_best_on_team,asa$evaluation,intvw_best_on_team,"Map,asa$interview",
eval_body_type,asa$evaluation,intvw_allstar_game_id,"Map,asa$interview",
eval_cell_number,asa$evaluation,intvw_cell_number,"Map,asa$interview",
eval_character,asa$evaluation,intvw_impression_grade,"Map,asa$interview",
eval_comment_1,asa$evaluation,intvw_grad_progress,"Map,asa$interview",
eval_comment_2,asa$evaluation,"intvw_background,eval_coach_comment","Split,asa$interview,asa$evaluation",
eval_comment_3,asa$evaluation,intvw_arrests,"Map,asa$interview",
eval_comment_4,asa$evaluation,intvw_fb_history,"Map,asa$interview",
eval_comment_5,asa$evaluation,intvw_overall_intelligence,"Map,asa$interview",
eval_comment_6,asa$evaluation,"intvw_fb_intelligence,eval_player_future","Split,asa$interview,asa$evaluation",
eval_comment_7,asa$evaluation,intvw_impression_summary,"Map,asa$interview",
eval_cplyr_id,asa$evaluation,"intvw_cplyr_id,eval_cplyr_id","Split,asa$interview,asa$evaluation",
eval_cti_grade,asa$evaluation,primary_alert,Rename,
eval_daily_routine,asa$evaluation,intvw_daily_routine,"Map,asa$interview",
eval_email,asa$evaluation,intvw_email,"Map,asa$interview",
eval_future,asa$evaluation,,Delete,
eval_id,asa$evaluation,"intvw_id,eval_id","Split,asa$interview,asa$evaluation",
eval_instagram,asa$evaluation,intvw_instagram,"Map,asa$interview",
eval_letter_grade,asa$evaluation,primary_type,Rename,
eval_lineup,asa$evaluation,alignment,Rename,
eval_medical,asa$evaluation,,Delete,
eval_nfl_grade,asa$evaluation,,Delete,
eval_number_grade,asa$evaluation,primary_grade,Rename,
eval_pending_legal,asa$evaluation,intvw_pending_legal,"Map,asa$interview",
eval_pos_cd,asa$evaluation,"intvw_pos_cd,eval_pos_cd","Split,asa$interview,asa$evaluation",
eval_pos_cd_3,asa$evaluation,"intvw_pos_cd_st,eval_pos_cd_st","Split,asa$interview,asa$evaluation",
eval_pos_cd_3,asa$evaluation,intvw_pos_cd_st,"Map,asa$interview",
eval_print_dt,asa$evaluation,intvw_print_dt,"Map,asa$interview",Date
eval_pro_pos_comment,asa$evaluation,,Delete,
eval_proj_grade,asa$evaluation,,Delete,
eval_report_dt,asa$evaluation,intw_report_dt,"Map,asa$interview",Date
eval_schl_cd,asa$evaluation,"intvw_schl_cd,eval_schl_cd","Split,asa$interview,asa$evaluation",
eval_scout_notes,asa$evaluation,,Delete,
eval_sct_cd,asa$evaluation,"intvw_sct_cd,eval_sct_cd","Split,asa$interview,asa$evaluation",
eval_tag_alert_c,asa$evaluation,intvw_tag_alert_c,"Map,asa$interview",
eval_tag_alert_d,asa$evaluation,intvw_tag_alert_d,"Map,asa$interview",
eval_tag_alert_h,asa$evaluation,intvw_tag_alert_h,"Map,asa$interview",
eval_tag_alert_m,asa$evaluation,intvw_tag_alert_m,"Map,asa$interview",
eval_twitter,asa$evaluation,intvw_twitter,"Map,asa$interview",
eval_upload_dt,asa$evaluation,"intvw_upload_dt,eval_upload_dt","Split,asa$interview,asa$evaluation",Date
pev_cti_grade,pro$evaluations,primary_alert,Rename,
pev_final_ind,pro$evaluations,,Delete,
pev_letter_grade,pro$evaluations,primary_type,Rename,
pev_nfl_grade,pro$evaluations,,Delete,
pev_nfl_letter,pro$evaluations,,Delete,
pev_nfl_potential,pro$evaluations,,Delete,
pev_number_grade,pro$evaluations,primary_grade,Rename,
pev_type,pro$evaluations,typ,Rename,
pev_proj_grade,pro$evaluations,,Delete,
pev_proj_letter,pro$evaluations,,Delete,
pev_proj_potential,pro$evaluations,,Delete,
pplyr_cplyr_medical_grade,pro$player,college_medical_grade,Rename,
pplyr_cplyr_medical_summary,pro$player,college_medical_summary,Rename,
pplyr_birth_dt,pro$player,,Retype,Date
pplyr_col_cti,pro$player,col_primary_alert,Rename,
pplyr_col_grade,pro$player,col_primary_grd,Rename,
pplyr_col_letter,pro$player,col_primary_type,Rename,
pplyr_combine_tst,pro$player,test_2,Rename,
pplyr_cti_grade,pro$player,primary_alert,Rename,
pplyr_cut_1,pro$player,,Delete,
pplyr_cut_2,pro$player,,Delete,
pplyr_franchise_ind,pro$player,,Delete,
pplyr_iw,pro$player,,Delete,
pplyr_letter_grade,pro$player,primary_type,Rename,
pplyr_medical_grade,pro$player,,Delete,
pplyr_nfl_background,pro$player,player_notes,Rename,
pplyr_nfl_grade,pro$player,,Delete,
pplyr_nfl_letter,pro$player,,Delete,
pplyr_nfl_potential,pro$player,,Delete,
pplyr_number_grade,pro$player,primary_grade,Rename,
pplyr_other_label_comments,pro$player,,Delete,
pplyr_pager_phone,pro$player,,Delete,
pplyr_player_id,pro$player,nfl_id,Rename,
pplyr_production,pro$player,,Delete,
pplyr_proj_grade,pro$player,,Delete,
pplyr_proj_letter,pro$player,,Delete,
pplyr_proj_potential,pro$player,,Delete,
pplyr_rfa_pick,pro$player,,Delete,
pplyr_ssn,pto$player,,Delete,
pplyr_transition_ind,pro$player,,Delete,
pplyr_tst,pro$player,test_1,Rename,
schl_football_email,asa$school,,Delete,
schl_football_fax,asa$school,,Delete,
schl_gear_type,asa$school,,Delete,
schl_shoe_type,asa$school,,Delete,
schl_sid_fax,asa$school,,Delete,
schl_strength_fax,asa$school,,Delete,
schl_trainer_fax,asa$school,,Delete,
schl_variable_factors,asa$school,,Delete,
wrkt_10yd_1,asa$workout,nfs_10yd_1,Rename,
wrkt_10yd_2,asa$workout,nfs_10yd_2,Rename,
wrkt_10yd_3,asa$workout,nfs_10yd_3,Rename,
wrkt_10yd_4,asa$workout,nfs_10yd_4,Rename,
wrkt_10yd_5,asa$workout,nfs_10yd_5,Rename,
wrkt_10yd_6,asa$workout,nfs_10yd_6,Rename,
wrkt_10yd_int_1,asa$workout,nep_10yd_1,Rename,
wrkt_10yd_int_2,asa$workout,nep_10yd_2,Rename,
wrkt_10yd_int_3,asa$workout,nep_10yd_3,Rename,
wrkt_10yd_int_4,asa$workout,nep_10yd_4,Rename,
wrkt_10yd_int_avg,asa$workout,nep_10yd_avg,Rename,
wrkt_10yd_int_sct_1,asa$workout,,Delete,
wrkt_10yd_int_sct_2,asa$workout,,Delete,
wrkt_20yd_1,asa$workout,nfs_20yd_1,Rename,
wrkt_20yd_2,asa$workout,nfs_20yd_2,Rename,
wrkt_20yd_3,asa$workout,nfs_20yd_3,Rename,
wrkt_20yd_4,asa$workout,nfs_20yd_4,Rename,
wrkt_20yd_5,asa$workout,nfs_20yd_5,Rename,
wrkt_20yd_6,asa$workout,nfs_20yd_6,Rename,
wrkt_20yd_int_1,asa$workout,nep_20yd_1,Rename,
wrkt_20yd_int_2,asa$workout,nep_20yd_2,Rename,
wrkt_20yd_int_3,asa$workout,nep_20yd_3,Rename,
wrkt_20yd_int_4,asa$workout,nep_20yd_4,Rename,
wrkt_20yd_int_avg,asa$workout,nep_20yd_avg,Rename,
wrkt_20yd_int_sct_1,asa$workout,,Delete,
wrkt_20yd_int_sct_2,asa$workout,,Delete,
wrkt_20yd_shuttle_sct,asa$workout,,Delete,
wrkt_20yd_shuttle_2,asa$workout,shuttle_20yd_2,Rename,
wrkt_20yd_shuttle_3,asa$workout,shuttle_20yd_3,Rename,
wrkt_20yd_shuttle_1,asa$workout,shuttle_20yd_1,Rename,
wrkt_60yd_shuttle_1,asa$workout,shuttle_60yd_1,Rename,
wrkt_60yd_shuttle_2,asa$workout,shuttle_60yd_2,Rename,
wrkt_3cone_sct,asa$workout,,Delete,
wrkt_3cone_1,asa$workout,three_cone_1,Rename,
wrkt_3cone_2,asa$workout,three_cone_2,Rename,
wrkt_3cone_3,asa$workout,three_cone_3,Rename,
wrkt_40yd_1,asa$workout,nfs_40yd_1,Rename,
wrkt_40yd_2,asa$workout,nfs_40yd_2,Rename,
wrkt_40yd_3,asa$workout,nfs_40yd_3,Rename,
wrkt_40yd_4,asa$workout,nfs_40yd_4,Rename,
wrkt_40yd_5,asa$workout,nfs_40yd_5,Rename,
wrkt_40yd_6,asa$workout,nfs_40yd_6,Rename,
wrkt_40yd_int_1,asa$workout,nep_40yd_1,Rename,
wrkt_40yd_int_2,asa$workout,nep_40yd_2,Rename,
wrkt_40yd_int_3,asa$workout,nep_40yd_3,Rename,
wrkt_40yd_int_4,asa$workout,nep_40yd_4,Rename,
wrkt_40yd_int_avg,asa$workout,nep_40yd_avg,Rename,
wrkt_40yd_int_sct_1,asa$workout,,Delete,
wrkt_40yd_int_sct_2,asa$workout,,Delete,
wrkt_60yd_shuttle_sct,asa$workout,,Delete,
wrkt_arm_len_conv,asa$workout,,Delete,
wrkt_bj_1_conv,asa$workout,,Delete,
wrkt_bj_2_conv,asa$workout,,Delete,
wrkt_bj_sct,asa$workout,,Delete,
wrkt_dt,asa$workout,,Retype,Date
wrkt_groin,asa$workout,wingspan,Rename,
wrkt_groin_conv,asa$workout,,Delete,
wrkt_hand_span_conv,asa$workout,,Delete,
wrkt_hgt_conv,asa$workout,,Delete,
wrkt_vj_conv,asa$workout,,Delete,
wrkt_vj_sct,asa$workout,,Delete,
wrkt_wrkt_grade,asa$workout,grade,Rename,
mis_player_id,pro$missing_playerid,player_id,Rename,
mis_name,pro$missing_playerid,name,Rename,
mis_trans_cd,pro$missing_playerid,trans_cd,Rename,
mis_trans_dt,pro$missing_playerid,trans_dt,Rename,
mis_from_team_cd,pro$missing_playerid,from_team_cd,Rename,
mis_status_cd,pro$missing_playerid,status_cd,Rename,
mis_pot_team_cd,pro$missing_playerid,pot_team_cd,Rename,
mis_created,pro$missing_playerid,created_by,Rename,
mis_updated,pro$missing_playerid,updated_by,Rename,
mis_crtd_dt,pro$missing_playerid,created_at,Rename,
mis_updt_dt,pro$missing_playerid,updated_at,Rename,
mis_trans_orderby,pro$missing_playerid,trans_orderby,Rename,
per_page,pro_searches,id,Rename,
name,pro_searches,name,Rename,
query,pro_searches,query,Rename,
per_page,pro_searches,per_page,Rename,
sharable,pro_searches,sharable,Rename,
alertable,pro_searches,alertable,Rename,
included_columns,pro_searches,included_columns,Rename,
saved_sort,pro_searches,saved_sort,Rename,
created_by,pro_searches,created_by,Rename,
created_at,pro_searches,created_at,Rename,
updated_at,pro_searches,updated_at,Rename,
group_results,pro_searches,group_results,Rename,
player_id,nfs$hws,player_id,Rename,
report_date,nfs$hws,report_date,Rename,
report_code,nfs$hws,report_code,Rename,
scout_code,nfs$hws,scout_code,Rename,
school_code,nfs$hws,school_code,Rename,
area_code,nfs$hws,area_code,Rename,
scout_initials,nfs$hws,scout_initials,Rename,
pro_position,nfs$hws,pro_position,Rename,
pro_position_2,nfs$hws,pro_position_2,Rename,
pro_position_2_cmnt,nfs$hws,pro_position_2_cmnt,Rename,
height,nfs$hws,height,Rename,
hgt_vryfy_code,nfs$hws,hgt_vryfy_code,Rename,
hgt_taken_by,nfs$hws,hgt_taken_by,Rename,
weight_date,nfs$hws,weight_date,Rename,
speed_1,nfs$hws,speed_1,Rename,
wind_1,nfs$hws,wind_1,Rename,
speed_2,nfs$hws,speed_2,Rename,
wind_2,nfs$hws,wind_2,Rename,
speed_3,nfs$hws,speed_3,Rename,
wind_3,nfs$hws,wind_3,Rename,
speed_vryfy_code,nfs$hws,speed_vryfy_code,Rename,
spd_taken_by,nfs$hws,spd_taken_by,Rename,
speed_date,nfs$hws,speed_date,Rename,
best_speed,nfs$hws,best_speed,Rename,
best_speed_vryfy_code,nfs$hws,best_speed_vryfy_code,Rename,
field_cond,nfs$hws,field_cond,Rename,
gear,nfs$hws,gear,Rename,
shoes,nfs$hws,shoes,Rename,
var_factors,nfs$hws,var_factors,Rename,
test_times_taken,nfs$hws,test_times_taken,Rename,
test_attempted,nfs$hws,test_attempted,Rename,
test_score,nfs$hws,test_score,Rename,
test_date,nfs$hws,test_date,Rename,
arm_length,nfs$hws,arm_length,Rename,
arm_length_conv,nfs$hws,arm_length_conv,Rename,
hand_span,nfs$hws,hand_span,Rename,
hand_span_conv,nfs$hws,hand_span_conv,Rename,
hw_factor,nfs$hws,hw_factor,Rename,
speed_factor,nfs$hws,speed_factor,Rename,
hws_factor,nfs$hws,hws_factor,Rename,
posi_1_grade,nfs$hws,posi_1_grade,Rename,
posi_1_grade_type,nfs$hws,posi_1_grade_type,Rename,
posi_2_grade,nfs$hws,posi_2_grade,Rename,
player_id,nfs$evaluation,player_id,Rename,
report_date,nfs$evaluation,report_date,Rename,
report_code,nfs$evaluation,report_code,Rename,
scout_code,nfs$evaluation,scout_code,Rename,
school_code,nfs$evaluation,school_code,Rename,
area_code,nfs$evaluation,area_code,Rename,
scout_initials,nfs$evaluation,scout_initials,Rename,
tape_1,nfs$evaluation,tape_1,Rename,
tape_yr_1,nfs$evaluation,tape_yr_1,Rename,
tape_2,nfs$evaluation,tape_2,Rename,
tape_yr_2,nfs$evaluation,tape_yr_2,Rename,
tape_3,nfs$evaluation,tape_3,Rename,
tape_yr_3,nfs$evaluation,tape_yr_3,Rename,
tape_4,nfs$evaluation,tape_4,Rename,
tape_yr_4,nfs$evaluation,tape_yr_4,Rename,
tape_5,nfs$evaluation,tape_5,Rename,
tape_yr_5,nfs$evaluation,tape_yr_5,Rename,
game_1,nfs$evaluation,game_1,Rename,
game_yr_1,nfs$evaluation,game_yr_1,Rename,
game_2,nfs$evaluation,game_2,Rename,
game_yr_2,nfs$evaluation,game_yr_2,Rename,
game_3,nfs$evaluation,game_3,Rename,
game_yr_3,nfs$evaluation,game_yr_3,Rename,
iv_coach,nfs$evaluation,iv_coach,Rename,
iv_player,nfs$evaluation,iv_player,Rename,
iv_strength_coach,nfs$evaluation,iv_strength_coach,Rename,
iv_sid,nfs$evaluation,iv_sid,Rename,
iv_trainer,nfs$evaluation,iv_trainer,Rename,
iv_academic_advisor,nfs$evaluation,iv_academic_advisor,Rename,
practice_date,nfs$evaluation,practice_date,Rename,
practice_reason,nfs$evaluation,practice_reason,Rename,
personal_character,nfs$evaluation,personal_character,Rename,
stability,nfs$evaluation,stability,Rename,
stability_narrative,nfs$evaluation,stability_narrative,Rename,
football_character,nfs$evaluation,football_character,Rename,
football_character_narrative,nfs$evaluation,football_character_narrative,Rename,
athletic_ability,nfs$evaluation,athletic_ability,Rename,
athletic_ability_narrative,nfs$evaluation,athletic_ability_narrative,Rename,
competitive,nfs$evaluation,competitive,Rename,
competitive_narrative,nfs$evaluation,competitive_narrative,Rename,
mental_alertness,nfs$evaluation,mental_alertness,Rename,
mental_alertness_narrative,nfs$evaluation,mental_alertness_narrative,Rename,
strength,nfs$evaluation,strength,Rename,
explosion,nfs$evaluation,explosion,Rename,
strgth_expln_narrative,nfs$evaluation,strgth_expln_narrative,Rename,
body_type,nfs$evaluation,body_type,Rename,
body_type_descr,nfs$evaluation,body_type_descr,Rename,
weight_potential,nfs$evaluation,weight_potential,Rename,
general_summary,nfs$evaluation,general_summary,Rename,
additional_comments,nfs$evaluation,additional_comments,Rename,
productivity,nfs$evaluation,productivity,Rename,
kicking_foot,nfs$evaluation,kicking_foot,Rename,
kicking_style,nfs$evaluation,kicking_style,Rename,
grade_1,nfs$evaluation,grade_1,Rename,
narrative_1,nfs$evaluation,narrative_1,Rename,
grade_2,nfs$evaluation,grade_2,Rename,
narrative_2,nfs$evaluation,narrative_2,Rename,
grade_3,nfs$evaluation,grade_3,Rename,
narrative_3,nfs$evaluation,narrative_3,Rename,
grade_4,nfs$evaluation,grade_4,Rename,
narrative_4,nfs$evaluation,narrative_4,Rename,
grade_5,nfs$evaluation,grade_5,Rename,
narrative_5,nfs$evaluation,narrative_5,Rename,
grade_6,nfs$evaluation,grade_6,Rename,
narrative_6,nfs$evaluation,narrative_6,Rename,
grade_7,nfs$evaluation,grade_7,Rename,
narrative_7,nfs$evaluation,narrative_7,Rename,
grade_8,nfs$evaluation,grade_8,Rename,
narrative_8,nfs$evaluation,narrative_8,Rename,
grade_9,nfs$evaluation,grade_9,Rename,
narrative_9,nfs$evaluation,narrative_9,Rename,
grade_10,nfs$evaluation,grade_10,Rename,
narrative_10,nfs$evaluation,narrative_10,Rename,
grade_11,nfs$evaluation,grade_11,Rename,
narrative_11,nfs$evaluation,narrative_11,Rename,
grade_12,nfs$evaluation,grade_12,Rename,
narrative_12,nfs$evaluation,narrative_12,Rename,
source_area,nfs$evaluation,source_area,Rename,
loaded,nfs$evaluation,loaded,Rename,
id,workout_days,id,Rename,
name,workout_days,name,Rename,
DATE,workout_days,workout_date,Rename,
workout_type_id,workout_days,workout_type_id,Rename,
school_id,workout_days,school_id,Rename,
field_condition_id,workout_days,field_condition_id,Rename,
created_by,workout_days,created_by,Rename,
created_at,workout_days,created_at,Rename,
updated_at,workout_days,updated_at,Rename,
pstat_off_id,pro$pstat_offense,id,Rename,
pstat_off_pplyr_id,pro$pstat_offense,pplyr_id,Rename,
pstat_off_yr,pro$pstat_offense,yr,Rename,
pstat_off_number_of_games,pro$pstat_offense,number_of_games,Rename,
pstat_off_updt_dt,pro$pstat_offense,updated_at,Rename,
pstat_off_crtd_dt,pro$pstat_offense,created_at,Rename,
pstat_off_misc,pro$pstat_offense,misc,Rename,
pstat_off_games_start,pro$pstat_offense,games_start,Rename,
pstat_off_team,pro$pstat_offense,team,Rename,
pstat_off_pt,pro$pstat_offense,pt,Rename,
pstat_off_st,pro$pstat_offense,st,Rename,
pstat_off_act,pro$pstat_offense,act,Rename,
pstat_off_ia,pro$pstat_offense,ia,Rename,
pstat_off_dnp,pro$pstat_offense,dnp,Rename,
pstat_off_ps,pro$pstat_offense,ps,Rename,
pstat_off_ir,pro$pstat_offense,ir,Rename,
pstat_off_susp,pro$pstat_offense,susp,Rename,
psats_off_misc,pro$pstat_offense,,Delete,
pstat_off_fa,pro$pstat_offense,fa,Rename,
item_type,versions,item_type,Rename,
item_id,versions,item_id,Rename,
created_at,versions,created_at,Rename,
id,college_searches,id,Rename,
name,college_searches,name,Rename,
per_page,college_searches,per_page,Rename,
sharable,college_searches,sharable,Rename,
alertable,college_searches,alertable,Rename,
query,college_searches,query,Rename,
included_columns,college_searches,included_columns,Rename,
saved_sort,college_searches,saved_sort,Rename,
created_by,college_searches,created_by,Rename,
created_at,college_searches,created_at,Rename,
updated_at,college_searches,updated_at,Rename,
group_results,college_searches,group_results,Rename,
results,college_searches,results,Rename,
id,field_conditions,id,Rename,
code,field_conditions,code,Rename,
name,field_conditions,name,Rename,
description,field_conditions,description,Rename,
active,field_conditions,active,Rename,
created_at,field_conditions,created_at,Rename,
updated_at,field_conditions,updated_at,Rename,
allstar_game_id,allstar_players,allstar_game_id,Rename,
college_player_id,allstar_players,college_player_id,Rename,
created_at,allstar_players,created_at,Rename,
updated_at,allstar_players,updated_at,Rename,
user_id,users_roles,user_id,Rename,
role_id,users_roles,role_id,Rename,
id,depth_charts,id,Rename,
name,depth_charts,name,Rename,
team_id,depth_charts,team_id,Rename,
template_id,depth_charts,template_id,Rename,
position_players,depth_charts,position_players,Rename,
active,depth_charts,active,Rename,
private,depth_charts,private,Rename,
line,depth_charts,line,Rename,
primary,depth_charts,primary,Rename,
created_by,depth_charts,created_by,Rename,
updated_by,depth_charts,updated_by,Rename,
created_at,depth_charts,created_at,Rename,
updated_at,depth_charts,updated_at,Rename,
exempt_positions,depth_charts,exempt_positions,Rename,
id,users,id,Rename,
email,users,email,Rename,
encrypted_password,users,encrypted_password,Rename,
reset_password_token,users,reset_password_token,Rename,
reset_password_sent_at,users,reset_password_sent_at,Rename,
remember_created_at,users,remember_created_at,Rename,
sign_in_count,users,sign_in_count,Rename,
current_sign_in_at,users,current_sign_in_at,Rename,
last_sign_in_at,users,last_sign_in_at,Rename,
current_sign_in_ip,users,current_sign_in_ip,Rename,
last_sign_in_ip,users,last_sign_in_ip,Rename,
first_name,users,first_name,Rename,
last_name,users,last_name,Rename,
username,users,username,Rename,
scout_id,users,scout_cd,Rename,
authentication_token,users,authentication_token,Rename,
approved,users,approved,Rename,
created_at,users,created_at,Rename,
updated_at,users,updated_at,Rename,
ios_last_sync_at,users,ios_last_sync_at,Rename,
last_sync_at,users,last_sync_at,Rename,
can_use_college,users,can_use_college,Rename,
can_use_pro,users,can_use_pro,Rename,
listed,users,listed,Rename,
default_app_mode,users,default_app_mode,Rename,
last_sync_at,users,last_sync_at,Rename,
id,roles,id,Rename,
name,roles,name,Rename,
resource_id,roles,resource_id,Rename,
resource_type,roles,resource_type,Rename,
created_at,roles,created_at,Rename,
updated_at,roles,updated_at,Rename,
eval_pro_pos_cd_1,asa$evaluation,pro_position_cd_1,Rename,
eval_pro_pos_cd_2,asa$evaluation,pro_position_cd_2,Rename,
eval_pos_cd_3,asa$evaluation,position_cd_2,Rename,
eval_pos_cd,asa$evaluation,position_cd,Rename,
pplyr_pos_cd_1,pro$player,position_cd_1,Rename,
pplyr_pos_cd_2,pro$player,position_cd_2,Rename,
pplyr_pos_cd_3,pro$player,position_cd_3,Rename,
pplyr_team_cd,pro$player,team_id,Rename,
pplyr_draft_team_cd,pro$player,draft_team_id,Rename,
cplyr_pos_cd_col,asa$col_player,college_position_cd,Rename,
cplyr_pos_cd_1,asa$col_player,position_cd_1,Rename,
cplyr_pos_cd_2,asa$col_player,position_cd_2,Rename,
cplyr_pos_cd_3,asa$col_player,position_cd_3,Rename,
cplyr_sct_cd,asa$col_player,,Delete,
cplyr_sct_cd_1,asa$col_player,,Delete,
cplyr_sct_cd_2,asa$col_player,,Delete,
pt_pot_team_cd,pro$transactions,pot_team_id,Rename,
pt_from_team_cd,pro$transactions,from_team_id,Rename,
pt_to_team_cd,pro$transactions,to_team_id,Rename,
igame_home_schl_cd,asa$col_igame,home_school_id,Rename,
igame_away_schl_cd,asa$col_igame,away_school_id,Rename,
exempt_positions,templates,exempt_positions,Rename,
created_at,templates,created_at,Rename,
created_by,templates,created_by,Rename,
updated_at,templates,updated_at,Rename,
updated_by,templates,updated_by,Rename,
pos_cd,asa$position,cd,Rename,
pos_1_ind,asa$position,ind_1,Rename,
pos_2_ind,asa$position,ind_2,Rename,
pos_3_ind,asa$position,ind_3,Rename,
pos_3_defense_ind,asa$position,defense_ind_3,Rename,
pos_4n_defense_ind,asa$position,defense_ind_4n,Rename,
pos_4t_defense_ind,asa$position,defense_ind_4t,Rename,
pos_show_pro_ind,asa$position,show_pro_ind,Rename,
scout_id,workout_day_scouts,scout_id,Rename,
workout_day_id,workout_day_scouts,workout_day_id,Rename,
schl_association,asa$school,assoc,Rename,
schl_scout_cd,asa$school,scout_id,Rename,
schl_scout_cd_secondary,asa$school,secondary_scout_id,Rename,
schl_scout_cd_regional,asa$school,regional_scout_id,Rename,
schl_scout_cd_national,asa$school,national_scout_id,Rename,
pc_type,pro$clips,typ,Rename,
cclp_type,asa$cplyr_clip,typ,Rename,
cnotes_type,asa$cplyr_notes,typ,Rename,
cstat_def_id,asa$col_cstat_defense,id,Rename,
cstat_def_cplyr_id,asa$col_cstat_defense,cplyr_id,Rename,
cstat_def_yr,asa$col_cstat_defense,yr,Rename,
cstat_def_number_of_games,asa$col_cstat_defense,number_of_games,Rename,
cstat_def_unassisted_tackles,asa$col_cstat_defense,solo_tackles,Rename,
cstat_def_assisted_tackles,asa$col_cstat_defense,assisted_tackles,Rename,
cstat_def_total_tackles,asa$col_cstat_defense,total_tackles,Rename,
cstat_def_qb_sacks,asa$col_cstat_defense,sacks,Rename,
cstat_def_sack_yardage,asa$col_cstat_defense,sack_yards,Rename,
cstat_def_tackles_for_loss,asa$col_cstat_defense,tfl,Rename,
cstat_def_tackles_for_loss_yd,asa$col_cstat_defense,tfl_yards,Rename,
cstat_def_passes_broken_up,asa$col_cstat_defense,passes_broken_up,Rename,
cstat_def_passes_intercepted,asa$col_cstat_defense,interceptions,Rename,
cstat_def_fumbles_caused,asa$col_cstat_defense,forced_fumbles,Rename,
cstat_def_fumbles_recovered,asa$col_cstat_defense,recovered_fumbles,Rename,
cstat_def_blocked_kicks,asa$col_cstat_defense,blocked_kicks,Rename,
cstat_def_updt_dt,asa$col_cstat_defense,updated_at,Rename,
cstat_def_crtd_dt,asa$col_cstat_defense,created_at,Rename,
cstat_def_crtd_db_id,asa$col_cstat_defense,crtd_db_id,Rename,
cstat_def_transmit_id,asa$col_cstat_defense,transmit_id,Rename,
cstat_def_load_dt,asa$col_cstat_defense,load_dt,Rename,
cstat_def_created,asa$col_cstat_defense,created_by,Rename,
cstat_def_updated,asa$col_cstat_defense,updated_by,Rename,
cstat_def_misc,asa$col_cstat_defense,misc,Rename,
cstat_def_qbh,asa$col_cstat_defense,qb_hurries,Rename,
cstat_def_ice_fumb_rtn_yds,asa$col_cstat_defense,fumble_return_yards,Rename,
cstat_def_ice_fumb_rtn_tds,asa$col_cstat_defense,fumble_return_tds,Rename,
cstat_def_ice_targets,asa$col_cstat_defense,targets,Rename,
cstat_def_ice_int_rtn_yds,asa$col_cstat_defense,int_return_yards,Rename,
cstat_def_ice_int_rtn_tds,asa$col_cstat_defense,int_return_tds,Rename,
cstat_def_ice_pressures,asa$col_cstat_defense,qb_pressures,Rename,
cstat_def_st_unassisted_tackle,asa$col_cstat_defense,st_solo_tackles,Rename,
cstat_def_st_assisted_tackle,asa$col_cstat_defense,st_assisted_tackles,Rename,
cstat_def_st_total_tackle,asa$col_cstat_defense,st_total_tackles,Rename,
cstat_def_playtime_pct,asa$col_cstat_defense,playtime_pct,Rename,
cstat_def_snaps,asa$col_cstat_defense,snaps,Rename,
cstat_def_missed_tackles,asa$col_cstat_defense,missed_tackles,Rename,
cstat_def_burns,asa$col_cstat_defense,burns,Rename,
cstat_kr_id,asa$col_cstat_kickret,id,Rename,
cstat_kr_cplyr_id,asa$col_cstat_kickret,cplyr_id,Rename,
cstat_kr_yr,asa$col_cstat_kickret,yr,Rename,
cstat_kr_number_of_games,asa$col_cstat_kickret,number_of_games,Rename,
cstat_kr_returns_attempted,asa$col_cstat_kickret,returns,Rename,
cstat_kr_returned_yards,asa$col_cstat_kickret,yards,Rename,
cstat_kr_avg_per_return,asa$col_cstat_kickret,avg,Rename,
cstat_kr_longest_return,asa$col_cstat_kickret,longest,Rename,
cstat_kr_returned_tds,asa$col_cstat_kickret,tds,Rename,
cstat_kr_source_area,asa$col_cstat_kickret,source_area,Rename,
cstat_kr_updt_dt,asa$col_cstat_kickret,updated_at,Rename,
cstat_kr_crtd_dt,asa$col_cstat_kickret,created_at,Rename,
cstat_kr_crtd_db_id,asa$col_cstat_kickret,crtd_db_id,Rename,
cstat_kr_transmit_id,asa$col_cstat_kickret,transmit_id,Rename,
cstat_kr_created,asa$col_cstat_kickret,created_by,Rename,
cstat_kr_updated,asa$col_cstat_kickret,updated_by,Rename,
cstat_kr_misc,asa$col_cstat_kickret,misc,Rename,
cstat_kr_fumbles,asa$col_cstat_kickret,fumbles,Rename,
cstat_kr_fumbles_lost,asa$col_cstat_kickret,fumbles_lost,Rename,
cstat_kick_id,asa$col_cstat_kicker,id,Rename,
cstat_kick_cplyr_id,asa$col_cstat_kicker,cplyr_id,Rename,
cstat_kick_yr,asa$col_cstat_kicker,yr,Rename,
cstat_kick_number_of_games,asa$col_cstat_kicker,number_of_games,Rename,
cstat_kick_ko_attempts,asa$col_cstat_kicker,kickoffs,Rename,
cstat_kick_ko_total_yds,asa$col_cstat_kicker,kickoff_yards,Rename,
cstat_kick_ko_avg,asa$col_cstat_kicker,kickoff_avg,Rename,
cstat_kick_ko_opp_rtn_yds,asa$col_cstat_kicker,kickoff_return_yards,Rename,
cstat_kick_ko_touchbacks,asa$col_cstat_kicker,kickoff_touchbacks,Rename,
cstat_kick_ko_obb,asa$col_cstat_kicker,kickoffs_oob,Rename,
cstat_kick_ko_onside_kicks,asa$col_cstat_kicker,onside_kicks,Rename,
cstat_kick_fg_attempts,asa$col_cstat_kicker,fg_attempts,Rename,
cstat_kick_fg_made,asa$col_cstat_kicker,fg_made,Rename,
cstat_kick_fg_pct,asa$col_cstat_kicker,fg_pct,Rename,
cstat_kick_xp_attempts,asa$col_cstat_kicker,xp_attempts,Rename,
cstat_kick_xp_made,asa$col_cstat_kicker,xp_made,Rename,
cstat_kick_xp_pct,asa$col_cstat_kicker,xp_pct,Rename,
cstat_kick_updt_dt,asa$col_cstat_kicker,updated_at,Rename,
cstat_kick_crtd_dt,asa$col_cstat_kicker,created_at,Rename,
cstat_kick_crtd_db_id,asa$col_cstat_kicker,crtd_db_id,Rename,
cstat_kick_transmit_id,asa$col_cstat_kicker,transmit_id,Rename,
cstat_kick_created,asa$col_cstat_kicker,,Delete,
cstat_kick_updated,asa$col_cstat_kicker,,Delete,
cplyr_kick_created,asa$col_cstat_kicker,created_by,Rename,
cplyr_kick_updated,asa$col_cstat_kicker,updated_by,Rename,
cstat_kick_ko_opp_rtn,asa$col_cstat_kicker,kickoffs_returned,Rename,
cstat_offense_id,asa$col_cstat_offense,id,Rename,
cstat_offense_cplyr_id,asa$col_cstat_offense,cplyr_id,Rename,
cstat_offense_yr,asa$col_cstat_offense,yr,Rename,
cstat_offense_number_of_games,asa$col_cstat_offense,number_of_games,Rename,
cstat_offense_sacks_allowed,asa$col_cstat_offense,sacks_allowed,Rename,
cstat_offense_snaps,asa$col_cstat_offense,snaps,Rename,
cstat_offense_playtime_pct,asa$col_cstat_offense,playtime_pct,Rename,
cstat_offense_updt_dt,asa$col_cstat_offense,updated_at,Rename,
cstat_offense_crtd_dt,asa$col_cstat_offense,created_at,Rename,
cstat_offense_crtd_db_id,asa$col_cstat_offense,crtd_db_id,Rename,
cstat_offense_transmit_id,asa$col_cstat_offense,transmit_id,Rename,
cstat_offense_updated,asa$col_cstat_offense,updated_by,Rename,
cstat_offense_created,asa$col_cstat_offense,created_by,Rename,
cstat_offense_press_allowd,asa$col_cstat_offense,pressures_allowed,Rename,
cstat_offense_fumbles,asa$col_cstat_offense,fumbles,Rename,
cstat_offense_fumbles_lost,asa$col_cstat_offense,fumbles_lost,Rename,
cstat_penalty_id,asa$col_cstat_penalty,id,Rename,
cstat_penalty_cplyr_id,asa$col_cstat_penalty,cplyr_id,Rename,
cstat_penalty_yr,asa$col_cstat_penalty,yr,Rename,
cstat_penalty_number_of_games,asa$col_cstat_penalty,number_of_games,Rename,
cstat_penalty_total,asa$col_cstat_penalty,total,Rename,
cstat_penalty_off_holding,asa$col_cstat_penalty,off_holding,Rename,
cstat_penalty_def_holding,asa$col_cstat_penalty,def_holding,Rename,
cstat_penalty_def_pass_inter,asa$col_cstat_penalty,def_pass_interference,Rename,
cstat_penalty_false_starts,asa$col_cstat_penalty,false_starts,Rename,
cstat_penalty_def_offisdes,asa$col_cstat_penalty,def_offsides,Rename,
cstat_penalty_def_encroachment,asa$col_cstat_penalty,encroachment,Rename,
cstat_penalty_def_personal_fl,asa$col_cstat_penalty,personal_foul,Rename,
cstat_penalty_roughing_passer,asa$col_cstat_penalty,roughing_passer,Rename,
cstat_penalty_block_in_back,asa$col_cstat_penalty,block_in_back,Rename,
cstat_penalty_updt_dt,asa$col_cstat_penalty,updated_at,Rename,
cstat_penalty_crtd_dt,asa$col_cstat_penalty,created_at,Rename,
cstat_penalty_crtd_db_id,asa$col_cstat_penalty,crtd_db_id,Rename,
cstat_penalty_transmit_id,asa$col_cstat_penalty,transmit_id,Rename,
cstat_penalty_updated,asa$col_cstat_penalty,updated_by,Rename,
cstat_penalty_created,asa$col_cstat_penalty,created_by,Rename,
cstat_penalty_total_forced,asa$col_cstat_penalty,total_forced,Rename,
cstat_penanlty_unsportsmanlike,asa$col_cstat_penalty,unsportsmanlike,Rename,
cstat_pr_id,asa$col_cstat_puntret,id,Rename,
cstat_pr_cplyr_id,asa$col_cstat_puntret,cplyr_id,Rename,
cstat_pr_yr,asa$col_cstat_puntret,yr,Rename,
cstat_pr_number_of_games,asa$col_cstat_puntret,number_of_games,Rename,
cstat_pr_returns_attempted,asa$col_cstat_puntret,returns,Rename,
cstat_pr_returned_yards,asa$col_cstat_puntret,yards,Rename,
cstat_pr_avg_per_return,asa$col_cstat_puntret,avg,Rename,
cstat_pr_longest_return,asa$col_cstat_puntret,longest,Rename,
cstat_pr_returned_tds,asa$col_cstat_puntret,tds,Rename,
cstat_pr_source_area,asa$col_cstat_puntret,source_area,Rename,
cstat_pr_updt_dt,asa$col_cstat_puntret,updated_at,Rename,
cstat_pr_crtd_dt,asa$col_cstat_puntret,created_at,Rename,
cstat_pr_crtd_db_id,asa$col_cstat_puntret,crtd_db_id,Rename,
cstat_pr_transmit_id,asa$col_cstat_puntret,transmit_id,Rename,
cstat_pr_created,asa$col_cstat_puntret,created_by,Rename,
cstat_pr_updated,asa$col_cstat_puntret,updated_by,Rename,
cstat_pr_misc,asa$col_cstat_puntret,misc,Rename,
cstat_pr_fumbles,asa$col_cstat_puntret,fumbles,Rename,
cstat_pr_fumbles_lost,asa$col_cstat_puntret,fumbles_lost,Rename,
cstat_punt_id,asa$col_cstat_punter,id,Rename,
cstat_punt_cplyr_id,asa$col_cstat_punter,cplyr_id,Rename,
cstat_punt_yr,asa$col_cstat_punter,yr,Rename,
cstat_punt_number_of_games,asa$col_cstat_punter,number_of_games,Rename,
cstat_punt_attempts,asa$col_cstat_punter,punts,Rename,
cstat_punt_total_yards,asa$col_cstat_punter,total_yards,Rename,
cstat_punt_avg_kick,asa$col_cstat_punter,gross_avg,Rename,
cstat_punt_longest_kick,asa$col_cstat_punter,longest,Rename,
cstat_punt_block_punts,asa$col_cstat_punter,blocked_punts,Rename,
cstat_punt_updt_dt,asa$col_cstat_punter,updated_at,Rename,
cstat_punt_crtd_dt,asa$col_cstat_punter,created_at,Rename,
cstat_punt_crtd_db_id,asa$col_cstat_punter,crtd_db_id,Rename,
cstat_punt_transmit_id,asa$col_cstat_punter,transmit_id,Rename,
cstat_punt_ice_opp_rtn_yds,asa$col_cstat_punter,punt_return_yards,Rename,
cstat_punt_ice_touchbacks,asa$col_cstat_punter,touchbacks,Rename,
cstat_punt_ice_inside_20,asa$col_cstat_punter,punts_inside_20,Rename,
cstat_punt_created,asa$col_cstat_punter,,Delete,
cstat_punt_updated,asa$col_cstat_punter,,Delete,
cplyr_punt_created,asa$col_cstat_punter,created_by,Rename,
cplyr_punt_updated,asa$col_cstat_punter,updated_by,Rename,
cstat_punt_net_yards,asa$col_cstat_punter,net_yards,Rename,
cstat_qb_id,asa$col_cstat_quarterback,id,Rename,
cstat_qb_cplyr_id,asa$col_cstat_quarterback,cplyr_id,Rename,
cstat_qb_yr,asa$col_cstat_quarterback,yr,Rename,
cstat_qb_number_of_games,asa$col_cstat_quarterback,number_of_games,Rename,
cstat_qb_passes_attempted,asa$col_cstat_quarterback,attempts,Rename,
cstat_qb_passes_completed,asa$col_cstat_quarterback,completions,Rename,
cstat_qb_percent_completed,asa$col_cstat_quarterback,completion_pct,Rename,
cstat_qb_passing_yards,asa$col_cstat_quarterback,yards,Rename,
cstat_qb_avg_yds_completed,asa$col_cstat_quarterback,avg,Rename,
cstat_qb_td_passes,asa$col_cstat_quarterback,tds,Rename,
cstat_qb_longest_td_pass,asa$col_cstat_quarterback,longest,Rename,
cstat_qb_interceptions,asa$col_cstat_quarterback,interceptions,Rename,
cstat_qb_times_sacked,asa$col_cstat_quarterback,times_sacked,Rename,
cstat_qb_sack_yds_lost,asa$col_cstat_quarterback,sack_yards_lost,Rename,
cstat_qb_passing_rating,asa$col_cstat_quarterback,passer_rating,Rename,
cstat_qb_source_area,asa$col_cstat_quarterback,source_area,Rename,
cstat_qb_updt_dt,asa$col_cstat_quarterback,updated_at,Rename,
cstat_qb_crtd_dt,asa$col_cstat_quarterback,created_at,Rename,
cstat_qb_crtd_db_id,asa$col_cstat_quarterback,crtd_db_id,Rename,
cstat_qb_transmit_id,asa$col_cstat_quarterback,transmit_id,Rename,
cstat_qb_created,asa$col_cstat_quarterback,created_by,Rename,
cstat_qb_updated,asa$col_cstat_quarterback,updated_by,Rename,
cstat_qb_misc,asa$col_cstat_quarterback,misc,Rename,
cstat_recv_id,asa$col_cstat_receiving,id,Rename,
cstat_recv_cplyr_id,asa$col_cstat_receiving,cplyr_id,Rename,
cstat_recv_yr,asa$col_cstat_receiving,yr,Rename,
cstat_recv_number_of_games,asa$col_cstat_receiving,number_of_games,Rename,
cstat_recv_receptions,asa$col_cstat_receiving,receptions,Rename,
cstat_recv_yards,asa$col_cstat_receiving,yards,Rename,
cstat_recv_avg,asa$col_cstat_receiving,avg,Rename,
cstat_recv_longest,asa$col_cstat_receiving,longest,Rename,
cstat_recv_tds,asa$col_cstat_receiving,tds,Rename,
cstat_recv_source_area,asa$col_cstat_receiving,source_area,Rename,
cstat_recv_updt_dt,asa$col_cstat_receiving,updated_at,Rename,
cstat_recv_crtd_dt,asa$col_cstat_receiving,created_at,Rename,
cstat_recv_crtd_db_id,asa$col_cstat_receiving,crtd_db_id,Rename,
cstat_recv_transmit_id,asa$col_cstat_receiving,transmit_id,Rename,
cstat_recv_load_dt,asa$col_cstat_receiving,load_dt,Rename,
cstat_recv_created,asa$col_cstat_receiving,created_by,Rename,
cstat_recv_updated,asa$col_cstat_receiving,updated_by,Rename,
cstat_recv_misc,asa$col_cstat_receiving,misc,Rename,
cstat_recv_ice_drops,asa$col_cstat_receiving,drops,Rename,
cstat_recv_ice_targets,asa$col_cstat_receiving,targets,Rename,
cstat_recv_rac,asa$col_cstat_receiving,rac,Rename,
cstat_recv_yac,asa$col_cstat_receiving,yac,Rename,
cstat_recv_rac_pct,asa$col_cstat_receiving,rac_pct,Rename,
cstat_recv_rac_avg,asa$col_cstat_receiving,rac_avg,Rename,
cstat_rushing_id,asa$col_cstat_rushing,id,Rename,
cstat_rushing_cplyr_id,asa$col_cstat_rushing,cplyr_id,Rename,
cstat_rushing_yr,asa$col_cstat_rushing,yr,Rename,
cstat_rushing_number_of_games,asa$col_cstat_rushing,number_of_games,Rename,
cstat_rushing_attemps,asa$col_cstat_rushing,attempts,Rename,
cstat_rushing_yards,asa$col_cstat_rushing,yards,Rename,
cstat_rushing_avg_per_carry,asa$col_cstat_rushing,avg,Rename,
cstat_rushing_longest_carry,asa$col_cstat_rushing,longest,Rename,
cstat_rushing_tds,asa$col_cstat_rushing,tds,Rename,
cstat_rushing_source_area,asa$col_cstat_rushing,source_area,Rename,
cstat_rushing_updt_dt,asa$col_cstat_rushing,updated_at,Rename,
cstat_rushing_crtd_dt,asa$col_cstat_rushing,created_at,Rename,
cstat_rushing_crtd_db_id,asa$col_cstat_rushing,crtd_db_id,Rename,
cstat_rushing_transmit_id,asa$col_cstat_rushing,transmit_id,Rename,
cstat_rushing_load_dt,asa$col_cstat_rushing,load_dt,Rename,
cstat_rushing_updated,asa$col_cstat_rushing,updated_by,Rename,
cstat_rushing_created,asa$col_cstat_rushing,created_by,Rename,
cstat_rushing_misc,asa$col_cstat_rushing,misc,Rename,
cstat_rushing_fum,asa$col_cstat_rushing,fumbles,Rename,
cstat_rushing_fum_lost,asa$col_cstat_rushing,fumbles_lost,Rename,
cstat_rushing_yac,asa$col_cstat_rushing,yac,Rename,
cstat_rushing_yac_pct,asa$col_cstat_rushing,yac_pct,Rename,
cstat_rushing_yac_avg,asa$col_cstat_rushing,yac_avg,Rename,
cstat_st_id,asa$col_cstat_st,id,Rename,
cstat_st_cplyr_id,asa$col_cstat_st,cplyr_id,Rename,
cstat_st_yr,asa$col_cstat_st,yr,Rename,
cstat_st_number_of_games,asa$col_cstat_st,number_of_games,Rename,
cstat_st_fumble_recover,asa$col_cstat_st,recovered_fumbles,Rename,
cstat_st_fumble_forced,asa$col_cstat_st,forced_fumbles,Rename,
cstat_st_snaps,asa$col_cstat_st,snaps,Rename,
cstat_st_playtime_pct,asa$col_cstat_st,playtime_pct,Rename,
cstat_st_solo_tackle,asa$col_cstat_st,solo_tackles,Rename,
cstat_st_assist_tackle,asa$col_cstat_st,assisted_tackles,Rename,
cstat_st_total_tackle,asa$col_cstat_st,total_tackles,Rename,
cstat_st_missed_tackle,asa$col_cstat_st,missed_tackles,Rename,
cstat_st_punts_blocked,asa$col_cstat_st,blocked_punts,Rename,
cstat_st_updt_dt,asa$col_cstat_st,updated_at,Rename,
cstat_st_crtd_dt,asa$col_cstat_st,created_at,Rename,
cstat_st_crtd_db_id,asa$col_cstat_st,crtd_db_id,Rename,
cstat_st_transmit_id,asa$col_cstat_st,transmit_id,Rename,
cstat_st_updated,asa$col_cstat_st,updated_by,Rename,
cstat_st_created,asa$col_cstat_st,created_by,Rename,
cstat_st_total_blocks,asa$col_cstat_st,total_blocks,Rename,
cstat_st_fum_ret_tds,asa$col_cstat_st,fumble_return_tds,Rename,
cstat_st_fum_ret_yds,asa$col_cstat_st,fumble_return_yards,Rename,
cstat_st_punt_playtime_pct,asa$col_cstat_st,punt_playtime_pct,Rename,
cstat_st_punt_snaps,asa$col_cstat_st,punt_snaps,Rename,
cstat_st_pr_playtime_pct,asa$col_cstat_st,pr_playtime_pct,Rename,
cstat_st_pr_snaps,asa$col_cstat_st,pr_snaps,Rename,
cstat_st_ko_playtime_pct,asa$col_cstat_st,ko_playtime_pct,Rename,
cstat_st_ko_snaps,asa$col_cstat_st,ko_snaps,Rename,
cstat_st_kr_playtime_pct,asa$col_cstat_st,kr_playtime_pct,Rename,
cstat_st_kr_snaps,asa$col_cstat_st,kr_snaps,Rename,
cstat_st_fg_snaps,asa$col_cstat_st,fg_snaps,Rename,
cstat_st_fg_block_snaps,asa$col_cstat_st,fg_block_snaps,Rename,
istat_defense_st_tackles,asa$col_istat_defense,st_tackles,Rename,
istat_defense_tackle_assist,asa$col_istat_defense,assisted_tackles,Rename,
istat_defense_burns,asa$col_istat_defense,burns,Rename,
istat_defense_qb_hits,asa$col_istat_defense,qb_hits,Rename,
istat_defense_tfl_yds,asa$col_istat_defense,tfl_yards,Rename,
istat_defense_int_ret,asa$col_istat_defense,interceptions,Rename,
istat_defense_sack_yards,asa$col_istat_defense,sack_yards,Rename,
istat_defense_fum_ret_yards,asa$col_istat_defense,fumble_return_yards,Rename,
istat_defense_fum_ret_tds,asa$col_istat_defense,fumble_return_tds,Rename,
istat_defense_pass_broken_up,asa$col_istat_defense,passes_broken_up,Rename,
istat_defense_def_tgts,asa$col_istat_defense,targets,Rename,
istat_defense_pressures,asa$col_istat_defense,qb_pressures,Rename,
istat_defense_tackle_solo,asa$col_istat_defense,solo_tackles,Rename,
istat_defense_qb_hurries,asa$col_istat_defense,qb_hurries,Rename,
istat_defense_blocked_kicks,asa$col_istat_defense,blocked_kicks,Rename,
istat_defense_sacks,asa$col_istat_defense,sacks,Rename,
istat_defense_int_ret_tds,asa$col_istat_defense,int_return_tds,Rename,
istat_defense_st_assists,asa$col_istat_defense,st_assists,Rename,
istat_defense_fumbles_forced,asa$col_istat_defense,forced_fumbles,Rename,
istat_defense_opp_fumble_rec,asa$col_istat_defense,recovered_fumbles,Rename,
istat_defense_tfl,asa$col_istat_defense,tfl,Rename,
istat_defense_int_ret_yards,asa$col_istat_defense,int_return_yards,Rename,
istat_defense_igame_id,asa$col_istat_defense,igame_id,Rename,
istat_defense_cplyr_id,asa$col_istat_defense,cplyr_id,Rename,
istat_defense_team,asa$col_istat_defense,team,Rename,
istat_defense_id,asa$col_istat_defense,id,Rename,
istat_defense_player,asa$col_istat_defense,player,Rename,
istat_defense_tackle_miss,asa$col_istat_defense,missed_tackles,Rename,
istat_defense_st_tackle_solo,asa$col_istat_defense,st_solo_tackles,Rename,
istat_defense_st_tackle_assist,asa$col_istat_defense,st_assisted_tackles,Rename,
istat_defense_opp,asa$col_istat_defense,opponent,Rename,
istat_defense_team_def_snaps,asa$col_istat_defense,team_def_snaps,Rename,
istat_defense_def_snaps,asa$col_istat_defense,def_snaps,Rename,
istat_general_position,asa$col_istat_general,position,Rename,
istat_general_jersey,asa$col_istat_general,jersey,Rename,
istat_general_schl_cd,asa$col_istat_general,schl_cd,Rename,
istat_general_game_appear,asa$col_istat_general,appeared,Rename,
istat_general_st_snaps,asa$col_istat_general,st_snaps,Rename,
istat_general_week,asa$col_istat_general,week,Rename,
istat_general_gs,asa$col_istat_general,started,Rename,
istat_general_off_snaps,asa$col_istat_general,off_snaps,Rename,
istat_general_def_snaps,asa$col_istat_general,def_snaps,Rename,
istat_general_igame_id,asa$col_istat_general,igame_id,Rename,
istat_general_cplyr_id,asa$col_istat_general,cplyr_id,Rename,
istat_general_id,asa$col_istat_general,id,Rename,
istat_kick_field_goal_att,asa$col_istat_kicking,fg_attempts,Rename,
istat_kick_good_field_goals,asa$col_istat_kicking,fg_made,Rename,
istat_kick_opp_ko_ret_yds,asa$col_istat_kicking,kickoff_return_yards,Rename,
istat_kick_kos,asa$col_istat_kicking,kickoffs,Rename,
istat_kick_off_good_xp,asa$col_istat_kicking,xp_made,Rename,
istat_kick_kickoffs_onside,asa$col_istat_kicking,onside_kicks,Rename,
istat_kick_off_xp_kick_att,asa$col_istat_kicking,xp_attempts,Rename,
istat_kick_ko_touchbacks,asa$col_istat_kicking,kickoff_touchbacks,Rename,
istat_kick_ko_oob,asa$col_istat_kicking,kickoffs_oob,Rename,
istat_kick_ko_yards,asa$col_istat_kicking,kickoff_yards,Rename,
istat_kicking_igame_id,asa$col_istat_kicking,igame_id,Rename,
istat_kicking_cplyr_id,asa$col_istat_kicking,cplyr_id,Rename,
istat_kicking_team,asa$col_istat_kicking,team,Rename,
istat_kicking_id,asa$col_istat_kicking,id,Rename,
istat_kicking_player,asa$col_istat_kicking,player,Rename,
istat_kick_ko_opp_ret,asa$col_istat_kicking,kickoffs_returned,Rename,
istat_kicking_opp,asa$col_istat_kicking,opp,Rename,
istat_kickret_ko_ret_yds,asa$col_istat_kickret,yards,Rename,
istat_kickret_max_kickoff_ret,asa$col_istat_kickret,longest,Rename,
istat_kickret_kickoff_ret,asa$col_istat_kickret,returns,Rename,
istat_kickret_kickoff_ret_tds,asa$col_istat_kickret,tds,Rename,
istat_kickret_igame_id,asa$col_istat_kickret,igame_id,Rename,
istat_kickret_cplyr_id,asa$col_istat_kickret,cplyr_id,Rename,
istat_kickret_team,asa$col_istat_kickret,team,Rename,
istat_kickret_id,asa$col_istat_kickret,id,Rename,
istat_kickret_player,asa$col_istat_kickret,player,Rename,
istat_kickret_fumbles,asa$col_istat_kickret,fumbles,Rename,
istat_kickret_fumble_recov,asa$col_istat_kickret,fumble_recov,Rename,
istat_kickret_fumbles_lost,asa$col_istat_kickret,fumbles_lost,Rename,
istat_kickret_opp,asa$col_istat_kickret,opponent,Rename,
istat_offense_sacks_allowed,asa$col_istat_offense,sacks_allowed,Rename,
istat_offense_own_fumble_rec,asa$col_istat_offense,own_fumbles_recovered,Rename,
istat_offense_press_allowed,asa$col_istat_offense,pressured_allowed,Rename,
istat_offense_igame_id,asa$col_istat_offense,igame_id,Rename,
istat_offense_cplyr_id,asa$col_istat_offense,cplyr_id,Rename,
istat_offense_team,asa$col_istat_offense,team,Rename,
istat_offense_id,asa$col_istat_offense,id,Rename,
istat_offense_player,asa$col_istat_offense,player,Rename,
istat_offense_fumbles,asa$col_istat_offense,fumbles,Rename,
istat_offense_fumbles_lost,asa$col_istat_offense,fumbles_lost,Rename,
istat_offense_opp,asa$col_istat_offense,opponent,Rename,
istat_offense_snaps,asa$col_istat_offense,snaps,Rename,
istat_offense_team_off_snaps,asa$col_istat_offense,team_off_snaps,Rename,
istat_passing_sack_yds_lost,asa$col_istat_passing,sack_yards_lost,Rename,
istat_passing_pass_comp,asa$col_istat_passing,completions,Rename,
istat_passing_times_sacked,asa$col_istat_passing,times_sacked,Rename,
istat_passing_pass_int,asa$col_istat_passing,interceptions,Rename,
istat_passing_pass_yards,asa$col_istat_passing,yards,Rename,
istat_passing_pass_att,asa$col_istat_passing,attempts,Rename,
istat_passing_rating,asa$col_istat_passing,passer_rating,Rename,
istat_passing_long_pass,asa$col_istat_passing,longest,Rename,
istat_passing_pass_tds,asa$col_istat_passing,touchdowns,Rename,
istat_passing_igame_id,asa$col_istat_passing,igame_id,Rename,
istat_passing_cplyr_id,asa$col_istat_passing,cplyr_id,Rename,
istat_passing_id,asa$col_istat_passing,id,Rename,
istat_penalty_false_start,asa$col_istat_penalty,false_starts,Rename,
istat_penalty_dpi,asa$col_istat_penalty,def_pass_interference,Rename,
istat_penalty_off_hold,asa$col_istat_penalty,off_holding,Rename,
istat_penalty_def_hold,asa$col_istat_penalty,def_holding,Rename,
istat_penalty_rough_pass,asa$col_istat_penalty,roughing_passer,Rename,
istat_penalty_personal_foul,asa$col_istat_penalty,personal_foul,Rename,
istat_penalty_block_in_back,asa$col_istat_penalty,block_in_back,Rename,
istat_penalty_total_forced,asa$col_istat_penalty,total_forced,Rename,
istat_penalty_unsportsmanlike,asa$col_istat_penalty,unsportsmanlike,Rename,
istat_penalty_offside,asa$col_istat_penalty,def_offsides,Rename,
istat_penalty_encroachment,asa$col_istat_penalty,encroachment,Rename,
istat_penalty_opp,asa$col_istat_penalty,opp,Rename,
istat_penalty_igame_id,asa$col_istat_penalty,igame_id,Rename,
istat_penalty_cplyr_id,asa$col_istat_penalty,cplyr_id,Rename,
istat_penalty_team,asa$col_istat_penalty,team,Rename,
istat_penalty_id,asa$col_istat_penalty,id,Rename,
istat_penalty_player,asa$col_istat_penalty,player,Rename,
istat_punt_net_avg,asa$col_istat_punting,net_avg,Rename,
istat_punt_inside_20,asa$col_istat_punting,punts_inside_20,Rename,
istat_punt_gross_avg,asa$col_istat_punting,gross_avg,Rename,
istat_punt_punts,asa$col_istat_punting,punts,Rename,
istat_punt_opp_punt_ret_yds,asa$col_istat_punting,punt_return_yards,Rename,
istat_punt_long_punt,asa$col_istat_punting,longest,Rename,
istat_punt_punt_yards,asa$col_istat_punting,yards,Rename,
istat_punt_punt_tbs,asa$col_istat_punting,touchbacks,Rename,
istat_punt_punts_blocked,asa$col_istat_punting,blocked_punts,Rename,
istat_punting_igame_id,asa$col_istat_punting,igame_id,Rename,
istat_punting_cplyr_id,asa$col_istat_punting,cplyr_id,Rename,
istat_punting_team,asa$col_istat_punting,team,Rename,
istat_punting_id,asa$col_istat_punting,id,Rename,
istat_punting_player,asa$col_istat_punting,player,Rename,
istat_punt_opp_punt_ret,asa$col_istat_punting,punt_returns,Rename,
istat_punting_opp,asa$col_istat_punting,opponent,Rename,
istat_puntret_punt_ret_tds,asa$col_istat_puntret,punt_ret_tds,Rename,
istat_puntret_punt_ret,asa$col_istat_puntret,punt_ret,Rename,
istat_puntret_punt_ret_yards,asa$col_istat_puntret,punt_ret_yards,Rename,
istat_puntret_max_punt_ret,asa$col_istat_puntret,max_punt_ret,Rename,
istat_puntret_igame_id,asa$col_istat_puntret,igame_id,Rename,
istat_puntret_cplyr_id,asa$col_istat_puntret,cplyr_id,Rename,
istat_puntret_team,asa$col_istat_puntret,team,Rename,
istat_puntret_id,asa$col_istat_puntret,id,Rename,
istat_puntret_player,asa$col_istat_puntret,player,Rename,
istat_puntret_fumbles_lost,asa$col_istat_puntret,fumbles_lost,Rename,
istat_puntret_fumble_recov,asa$col_istat_puntret,own_fumbles_recovered,Rename,
istat_puntret_fumbles,asa$col_istat_puntret,fumbles,Rename,
istat_puntret_opp,asa$col_istat_puntret,opp,Rename,
istat_receiving_rec,asa$col_istat_receiving,receptions,Rename,
istat_receiving_rec_yards,asa$col_istat_receiving,yards,Rename,
istat_receiving_rec_td,asa$col_istat_receiving,tds,Rename,
istat_receiving_long_rec,asa$col_istat_receiving,longest,Rename,
istat_receiving_drops,asa$col_istat_receiving,drops,Rename,
istat_receiving_off_targets,asa$col_istat_receiving,targets,Rename,
istat_receiving_igame_id,asa$col_istat_receiving,igame_id,Rename,
istat_receiving_cplyr_id,asa$col_istat_receiving,cplyr_id,Rename,
istat_receiving_team,asa$col_istat_receiving,team,Rename,
istat_receiving_id,asa$col_istat_receiving,id,Rename,
istat_receiving_player,asa$col_istat_receiving,player,Rename,
istat_receiving_rac,asa$col_istat_receiving,rac,Rename,
istat_receiving_yac,asa$col_istat_receiving,yac,Rename,
istat_receiving_opp,asa$col_istat_receiving,opponent,Rename,
istat_rushing_fumbles_lost,asa$col_istat_rushing,fumbles_lost,Rename,
istat_rushing_long_rush,asa$col_istat_rushing,longest,Rename,
istat_rushing_rush_tds,asa$col_istat_rushing,tds,Rename,
istat_rushing_fumbles,asa$col_istat_rushing,fumbles,Rename,
istat_rushing_rush_yards,asa$col_istat_rushing,yards,Rename,
istat_rushing_rush_att,asa$col_istat_rushing,attempts,Rename,
istat_rushing_igame_id,asa$col_istat_rushing,igame_id,Rename,
istat_rushing_cplyr_id,asa$col_istat_rushing,cplyr_id,Rename,
istat_rushing_team,asa$col_istat_rushing,team,Rename,
istat_rushing_id,asa$col_istat_rushing,id,Rename,
istat_rushing_player,asa$col_istat_rushing,player,Rename,
istat_rushing_yac,asa$col_istat_rushing,yac,Rename,
istat_rushing_opp,asa$col_istat_rushing,opponent,Rename,
istat_st_fumbles_forced,asa$col_istat_st,forced_fumbles,Rename,
istat_st_blocked_punts,asa$col_istat_st,blocked_punts,Rename,
istat_st_fumble_ret_tds,asa$col_istat_st,fumble_return_tds,Rename,
istat_st_fumble_ret_yds,asa$col_istat_st,fumble_return_yards,Rename,
istat_st_tackles_solo,asa$col_istat_st,solo_tackles,Rename,
istat_st_total_blocks,asa$col_istat_st,total_blocks,Rename,
istat_st_fumbles_recovered,asa$col_istat_st,recovered_fumbles,Rename,
istat_st_tackles_assisted,asa$col_istat_st,assisted_tackles,Rename,
istat_st_tackles_missed,asa$col_istat_st,missed_tackles,Rename,
istat_st_opp,asa$col_istat_st,opponent,Rename,
istat_st_igame_id,asa$col_istat_st,igame_id,Rename,
istat_st_cplyr_id,asa$col_istat_st,cplyr_id,Rename,
istat_st_team,asa$col_istat_st,team,Rename,
istat_st_id,asa$col_istat_st,id,Rename,
istat_st_player,asa$col_istat_st,player,Rename,
istat_st_fg_snaps,asa$col_istat_st,fg_snaps,Rename,
istat_st_puntret_team_snaps,asa$col_istat_st,puntret_team_snaps,Rename,
istat_st_team_snaps,asa$col_istat_st,team_snaps,Rename,
istat_st_kr_snaps,asa$col_istat_st,kr_snaps,Rename,
istat_st_ko_snaps,asa$col_istat_st,ko_snaps,Rename,
istat_st_team_fg_snaps,asa$col_istat_st,team_fg_snaps,Rename,
istat_st_team_kr_snaps,asa$col_istat_st,team_kr_snaps,Rename,
istat_st_punt_snaps,asa$col_istat_st,punt_snaps,Rename,
istat_st_punt_team_snaps,asa$col_istat_st,punt_team_snaps,Rename,
istat_st_team_ko_snaps,asa$col_istat_st,team_ko_snaps,Rename,
istat_st_team_fg_block_snaps,asa$col_istat_st,team_fg_block_snaps,Rename,
istat_st_fg_block_snaps,asa$col_istat_st,fg_block_snaps,Rename,
istat_st_snaps,asa$col_istat_st,snaps,Rename,
istat_st_puntret_snaps,asa$col_istat_st,puntret_snaps,Rename,
pstat_def_id,pro$pstat_defense,id,Rename,
pstat_def_pplyr_id,pro$pstat_defense,pplyr_id,Rename,
pstat_def_yr,pro$pstat_defense,yr,Rename,
pstat_def_number_of_games,pro$pstat_defense,number_of_games,Rename,
pstat_def_unassisted_tackles,pro$pstat_defense,solo_tackles,Rename,
pstat_def_assisted_tackles,pro$pstat_defense,assisted_tackles,Rename,
pstat_def_total_tackles,pro$pstat_defense,total_tackles,Rename,
pstat_def_qb_sacks,pro$pstat_defense,sacks,Rename,
pstat_def_sack_yardage,pro$pstat_defense,sack_yards,Rename,
pstat_def_tackles_for_loss,pro$pstat_defense,tfl,Rename,
pstat_def_tackles_for_loss_yd,pro$pstat_defense,tfl_yards,Rename,
pstat_def_passes_broken_up,pro$pstat_defense,passes_broken_up,Rename,
pstat_def_passes_intercepted,pro$pstat_defense,interceptions,Rename,
pstat_def_fumbles_caused,pro$pstat_defense,forced_fumbles,Rename,
pstat_def_fumbles_recovered,pro$pstat_defense,recovered_fumbles,Rename,
pstat_def_blocked_kicks,pro$pstat_defense,blocked_kicks,Rename,
pstat_def_updt_dt,pro$pstat_defense,updated_at,Rename,
pstat_def_crtd_dt,pro$pstat_defense,created_at,Rename,
pstat_def_crtd_db_id,pro$pstat_defense,crtd_db_id,Rename,
pstat_def_transmit_id,pro$pstat_defense,transmit_id,Rename,
pstat_def_stt,pro$pstat_defense,st_total_tackles,Rename,
pstat_def_sta,pro$pstat_defense,st_assisted_tackles,Rename,
pstat_def_games_start,pro$pstat_defense,games_started,Rename,
pstat_def_qbh,pro$pstat_defense,qb_hits,Rename,
pstat_kr_id,pro$pstat_kickret,id,Rename,
pstat_kr_pplyr_id,pro$pstat_kickret,pplyr_id,Rename,
pstat_kr_yr,pro$pstat_kickret,yr,Rename,
pstat_kr_number_of_games,pro$pstat_kickret,number_of_games,Rename,
pstat_kr_returns_attempted,pro$pstat_kickret,returns,Rename,
pstat_kr_returned_yards,pro$pstat_kickret,yards,Rename,
pstat_kr_avg_per_return,pro$pstat_kickret,avg,Rename,
pstat_kr_longest_return,pro$pstat_kickret,longest,Rename,
pstat_kr_returned_tds,pro$pstat_kickret,tds,Rename,
pstat_kr_updt_dt,pro$pstat_kickret,updated_at,Rename,
pstat_kr_crtd_dt,pro$pstat_kickret,created_at,Rename,
pstat_kr_crtd_db_id,pro$pstat_kickret,crtd_db_id,Rename,
pstat_kr_transmit_id,pro$pstat_kickret,transmit_id,Rename,
pstat_kr_games_started,pro$pstat_kickret,games_started,Rename,
pstat_pk_id,pro$pstat_puntkick,id,Rename,
pstat_pk_pplyr_id,pro$pstat_puntkick,pplyr_id,Rename,
pstat_pk_yr,pro$pstat_puntkick,yr,Rename,
pstat_pk_games,pro$pstat_puntkick,games,Rename,
pstat_pk_punt_num,pro$pstat_puntkick,punts,Rename,
pstat_pk_punt_gross_avg,pro$pstat_puntkick,punt_gross_avg,Rename,
pstat_pk_punt_net_avg,pro$pstat_puntkick,punt_net_avg,Rename,
pstat_pk_punt_longest,pro$pstat_puntkick,longest,Rename,
pstat_pk_punt_blocked,pro$pstat_puntkick,punt_blocked,Rename,
pstat_pk_punt_inside_20,pro$pstat_puntkick,punt_inside_20,Rename,
pstat_pk_punt_touchback,pro$pstat_puntkick,punt_touchbacks,Rename,
pstat_pk_kick_fga,pro$pstat_puntkick,fg_attempts,Rename,
pstat_pk_kick_fgm,pro$pstat_puntkick,fg_made,Rename,
pstat_pk_kick_fgpct,pro$pstat_puntkick,fg_pct,Rename,
pstat_pk_kick_num,pro$pstat_puntkick,kickoffs,Rename,
pstat_pk_touchback,pro$pstat_puntkick,ko_touchbacks,Rename,
pstat_pk_updt_dt,pro$pstat_puntkick,updated_at,Rename,
pstat_pk_crtd_dt,pro$pstat_puntkick,created_at,Rename,
pstat_pk_crtd_db_id,pro$pstat_puntkick,crtd_db_id,Rename,
pstat_pk_transmit_id,pro$pstat_puntkick,transmit_id,Rename,
pstat_pr_id,pro$pstat_puntret,id,Rename,
pstat_pr_pplyr_id,pro$pstat_puntret,pplyr_id,Rename,
pstat_pr_yr,pro$pstat_puntret,yr,Rename,
pstat_pr_number_of_games,pro$pstat_puntret,number_of_games,Rename,
pstat_pr_returns_attempted,pro$pstat_puntret,returns,Rename,
pstat_pr_returned_yards,pro$pstat_puntret,yards,Rename,
pstat_pr_avg_per_return,pro$pstat_puntret,avg,Rename,
pstat_pr_longest_return,pro$pstat_puntret,longest,Rename,
pstat_pr_returned_tds,pro$pstat_puntret,tds,Rename,
pstat_pr_updt_dt,pro$pstat_puntret,updated_at,Rename,
pstat_pr_crtd_dt,pro$pstat_puntret,created_at,Rename,
pstat_pr_crtd_db_id,pro$pstat_puntret,crtd_db_id,Rename,
pstat_pr_transmit_id,pro$pstat_puntret,transmit_id,Rename,
pstat_pr_games_start,pro$pstat_puntret,games_start,Rename,
pstat_qb_id,pro$pstat_quarterback,id,Rename,
pstat_qb_pplyr_id,pro$pstat_quarterback,pplyr_id,Rename,
pstat_qb_yr,pro$pstat_quarterback,yr,Rename,
pstat_qb_number_of_games,pro$pstat_quarterback,number_of_games,Rename,
pstat_qb_passes_attempted,pro$pstat_quarterback,attempts,Rename,
pstat_qb_passes_completed,pro$pstat_quarterback,completions,Rename,
pstat_qb_percent_completed,pro$pstat_quarterback,completion_pct,Rename,
pstat_qb_passing_yards,pro$pstat_quarterback,yards,Rename,
pstat_qb_avg_yds_completed,pro$pstat_quarterback,avg,Rename,
pstat_qb_td_passes,pro$pstat_quarterback,tds,Rename,
pstat_qb_longest_td_pass,pro$pstat_quarterback,longest,Rename,
pstat_qb_interceptions,pro$pstat_quarterback,interceptions,Rename,
pstat_qb_times_sacked,pro$pstat_quarterback,times_sacked,Rename,
pstat_qb_sack_yds_lost,pro$pstat_quarterback,sack_yards_lost,Rename,
pstat_qb_passing_rating,pro$pstat_quarterback,passer_rating,Rename,
pstat_qb_updt_dt,pro$pstat_quarterback,updated_at,Rename,
pstat_qb_crtd_dt,pro$pstat_quarterback,created_at,Rename,
pstat_qb_crtd_db_id,pro$pstat_quarterback,crtd_db_id,Rename,
pstat_qb_transmit_id,pro$pstat_quarterback,transmit_id,Rename,
pstat_qb_games_start,pro$pstat_quarterback,games_start,Rename,
pstat_recv_id,pro$pstat_receiving,id,Rename,
pstat_recv_pplyr_id,pro$pstat_receiving,pplyr_id,Rename,
pstat_recv_yr,pro$pstat_receiving,yr,Rename,
pstat_recv_number_of_games,pro$pstat_receiving,number_of_games,Rename,
pstat_recv_games_start,pro$pstat_receiving,games_start,Rename,
pstat_recv_receptions,pro$pstat_receiving,receptions,Rename,
pstat_recv_yards,pro$pstat_receiving,yards,Rename,
pstat_recv_avg,pro$pstat_receiving,avg,Rename,
pstat_recv_longest,pro$pstat_receiving,longest,Rename,
pstat_recv_tds,pro$pstat_receiving,tds,Rename,
pstat_recv_stt,pro$pstat_receiving,stt,Rename,
pstat_recv_sta,pro$pstat_receiving,sta,Rename,
pstat_recv_updt_dt,pro$pstat_receiving,updated_at,Rename,
pstat_recv_crtd_dt,pro$pstat_receiving,created_at,Rename,
pstat_recv_crtd_db_id,pro$pstat_receiving,crtd_db_id,Rename,
pstat_recv_transmit_id,pro$pstat_receiving,transmit_id,Rename,
pstat_rushing_id,pro$pstat_rushing,id,Rename,
pstat_rushing_pplyr_id,pro$pstat_rushing,pplyr_id,Rename,
pstat_rushing_yr,pro$pstat_rushing,yr,Rename,
pstat_rushing_number_of_games,pro$pstat_rushing,number_of_games,Rename,
pstat_rushing_games_start,pro$pstat_rushing,games_start,Rename,
pstat_rushing_attemps,pro$pstat_rushing,attempts,Rename,
pstat_rushing_yards,pro$pstat_rushing,yards,Rename,
pstat_rushing_avg_per_carry,pro$pstat_rushing,avg,Rename,
pstat_rushing_longest_carry,pro$pstat_rushing,longest,Rename,
pstat_rushing_tds,pro$pstat_rushing,tds,Rename,
pstat_rushing_updt_dt,pro$pstat_rushing,updated_at,Rename,
pstat_rushing_crtd_dt,pro$pstat_rushing,created_at,Rename,
pstat_rushing_crtd_db_id,pro$pstat_rushing,crtd_db_id,Rename,
pstat_rushing_transmit_id,pro$pstat_rushing,transmit_id,Rename,
pstat_rushing_fum,pro$pstat_rushing,fumbles,Rename,
pstat_rushing_fum_lost,pro$pstat_rushing,fumbles_lost,Rename,
notes,companies,notes,Rename,
pfac_pos_cd,asa$pos_factor,position_id,Rename,
team_coaching_updated,pro$teams,updated_by_coach,Rename,
